{"propertyPackages":[{"name":"messagessender-themepackage","properties":[{"id":"messagessender-theme","type":"String","title":"Theme","popular":true}],"custom":{"type":"serviceTask"}}],"stencils":[{"type":"node","id":"messagesSender","title":"Messages Sender","view":"\u003c?xml version\u003d\"1.0\" encoding\u003d\"UTF-8\" standalone\u003d\"no\"?\u003e\n\u003csvg\n   xmlns\u003d\"http://www.w3.org/2000/svg\"\n   xmlns:svg\u003d\"http://www.w3.org/2000/svg\"\n   xmlns:oryx\u003d\"http://www.b3mn.org/oryx\"\n   xmlns:xlink\u003d\"http://www.w3.org/1999/xlink\"\n\n   width\u003d\"102\"\n   height\u003d\"82\"\n   version\u003d\"1.0\"\u003e\n  \u003cdefs\u003e\u003c/defs\u003e\n  \u003coryx:magnets\u003e\n  \t\u003coryx:magnet oryx:cx\u003d\"1\" oryx:cy\u003d\"20\" oryx:anchors\u003d\"left\" /\u003e\n  \t\u003coryx:magnet oryx:cx\u003d\"1\" oryx:cy\u003d\"40\" oryx:anchors\u003d\"left\" /\u003e\n  \t\u003coryx:magnet oryx:cx\u003d\"1\" oryx:cy\u003d\"60\" oryx:anchors\u003d\"left\" /\u003e\n  \t\n  \t\u003coryx:magnet oryx:cx\u003d\"25\" oryx:cy\u003d\"79\" oryx:anchors\u003d\"bottom\" /\u003e\n  \t\u003coryx:magnet oryx:cx\u003d\"50\" oryx:cy\u003d\"79\" oryx:anchors\u003d\"bottom\" /\u003e\n  \t\u003coryx:magnet oryx:cx\u003d\"75\" oryx:cy\u003d\"79\" oryx:anchors\u003d\"bottom\" /\u003e\n  \t\n  \t\u003coryx:magnet oryx:cx\u003d\"99\" oryx:cy\u003d\"20\" oryx:anchors\u003d\"right\" /\u003e\n  \t\u003coryx:magnet oryx:cx\u003d\"99\" oryx:cy\u003d\"40\" oryx:anchors\u003d\"right\" /\u003e\n  \t\u003coryx:magnet oryx:cx\u003d\"99\" oryx:cy\u003d\"60\" oryx:anchors\u003d\"right\" /\u003e\n  \t\n  \t\u003coryx:magnet oryx:cx\u003d\"25\" oryx:cy\u003d\"1\" oryx:anchors\u003d\"top\" /\u003e\n  \t\u003coryx:magnet oryx:cx\u003d\"50\" oryx:cy\u003d\"1\" oryx:anchors\u003d\"top\" /\u003e\n  \t\u003coryx:magnet oryx:cx\u003d\"75\" oryx:cy\u003d\"1\" oryx:anchors\u003d\"top\" /\u003e\n  \t\n  \t\u003coryx:magnet oryx:cx\u003d\"50\" oryx:cy\u003d\"40\" oryx:default\u003d\"yes\" /\u003e\n  \u003c/oryx:magnets\u003e\n  \u003cg pointer-events\u003d\"fill\" oryx:minimumSize\u003d\"50 40\"\u003e\n\t\u003crect id\u003d\"text_frame\" oryx:anchors\u003d\"bottom top right left\" x\u003d\"1\" y\u003d\"1\" width\u003d\"94\" height\u003d\"79\" rx\u003d\"10\" ry\u003d\"10\" stroke\u003d\"none\" stroke-width\u003d\"0\" fill\u003d\"none\" /\u003e\n\t\u003crect id\u003d\"bg_frame\" oryx:resize\u003d\"vertical horizontal\" x\u003d\"0\" y\u003d\"0\" width\u003d\"100\" height\u003d\"80\" rx\u003d\"10\" ry\u003d\"10\" stroke\u003d\"#bbbbbb\" stroke-width\u003d\"1\" fill\u003d\"#f9f9f9\" /\u003e\n\t\t\u003ctext \n\t\t\tfont-size\u003d\"12\" \n\t\t\tid\u003d\"text_name\" \n\t\t\tx\u003d\"50\" \n\t\t\ty\u003d\"40\" \n\t\t\toryx:align\u003d\"middle center\"\n\t\t\toryx:fittoelem\u003d\"text_frame\"\n\t\t\tstroke\u003d\"#373e48\"\u003e\n\t\t\u003c/text\u003e\n\t\n\t\u003cg transform\u003d\"translate(3,3)\"\u003e\n\t\u003cimage x\u003d\"0\" y\u003d\"0\" width\u003d\"20\" height\u003d\"20\" xmlns:xlink\u003d\"http://www.w3.org/1999/xlink\" xlink:href\u003d\"icon?f\u003da41f5a52-5a48-e13d-1380-31563c71caf5\" image-rendering\u003d\"optimizeQuality\" id\u003d\"a41f5a52-5a48-e13d-1380-31563c71caf5\"\u003e\u003c/image\u003e\n\t\u003c/g\u003e\n  \n\t\n\t\n\t\n\t\n\t\n  \u003c/g\u003e\n\u003c/svg\u003e","customIconId":"a41f5a52-5a48-e13d-1380-31563c71caf5","groups":["Messages"],"propertyPackages":["overrideidpackage","namepackage","servicetaskresultvariablepackage","messagessender-themepackage"],"mainPropertyPackages":["messagessender-themepackage"],"roles":["Activity","sequence_start","sequence_end","ActivitiesMorph","all"],"custom":{"type":"serviceTask","beanName":"mobdekbkp_MessagesSendService","methodName":"sendMsg","methodArgs":[{"propertyPackageName":"messagessender-themepackage","type":"java.lang.String"}]}}]}